time,open,high,low,close,volume
1672704000,243.0800018310547,245.75,237.39999389648438,239.5800018310547,25740000
1672790400,232.27999877929688,232.8699951171875,225.9600067138672,229.10000610351562,50623400
1672876800,227.1999969482422,227.5500030517578,221.75999450683594,222.30999755859375,39585600
1672963200,223.0,225.75999450683594,219.35000610351562,224.92999267578125,43613600
1673222400,226.4499969482422,231.24000549316406,226.41000366210938,227.1199951171875,27369800
1673308800,227.75999450683594,231.30999755859375,227.3300018310547,228.85000610351562,27033900
1673395200,231.2899932861328,235.9499969482422,231.11000061035156,235.77000427246094,28669300
1673481600,235.25999450683594,239.89999389648438,233.55999755859375,238.50999450683594,27269500
1673568000,237.0,239.3699951171875,234.9199981689453,239.22999572753906,21333300
1673913600,237.97000122070312,240.91000366210938,237.08999633789062,240.35000610351562,29831300
1674000000,241.57000732421875,242.3800048828125,235.52000427246094,235.80999755859375,30028700
1674086400,233.77999877929688,235.52000427246094,230.67999267578125,231.92999267578125,28623000
1674172800,234.86000061035156,240.74000549316406,234.50999450683594,240.22000122070312,35389800
1674432000,241.10000610351562,245.1699981689453,239.64999389648438,242.5800018310547,31934000
1674518400,242.5,243.9499969482422,240.44000244140625,242.0399932861328,40234400
1674604800,234.47999572753906,243.3000030517578,230.89999389648438,240.61000061035156,66526600
1674691200,243.64999389648438,248.30999755859375,242.0,248.0,33454500
1674777600,248.99000549316406,249.8300018310547,246.8300018310547,248.16000366210938,26498900
1675036800,244.50999450683594,245.60000610351562,242.1999969482422,242.7100067138672,25867400
1675123200,243.4499969482422,247.9499969482422,242.9499969482422,247.80999755859375,26541100
1675209600,248.0,255.17999267578125,245.47000122070312,252.75,31259900
1675296000,258.82000732421875,264.69000244140625,257.25,264.6000061035156,39940400
1675382400,259.5400085449219,264.20001220703125,257.1000061035156,258.3500061035156,29077300
1675641600,257.44000244140625,258.29998779296875,254.77999877929688,256.7699890136719,22518000
1675728000,260.5299987792969,268.7699890136719,260.0799865722656,267.55999755859375,50841400
1675814400,273.20001220703125,276.760009765625,266.2099914550781,266.7300109863281,54686000
1675900800,273.79998779296875,273.9800109863281,262.79998779296875,263.6199951171875,42375100
1675987200,261.5299987792969,264.0899963378906,260.6600036621094,263.1000061035156,25818500
1676246400,267.6400146484375,274.6000061035156,267.1499938964844,271.32000732421875,44630900
1676332800,272.6700134277344,274.9700012207031,269.2799987792969,272.1700134277344,37047900
1676419200,268.32000732421875,270.7300109863281,266.17999267578125,269.32000732421875,28922400
1676505600,264.0199890136719,266.739990234375,261.8999938964844,262.1499938964844,29603600
1676592000,259.3900146484375,260.0899963378906,256.0,258.05999755859375,30000100
1676937600,254.47999572753906,255.49000549316406,251.58999633789062,252.6699981689453,28397400
1677024000,254.08999633789062,254.33999633789062,250.33999633789062,251.50999450683594,22491100
1677110400,255.55999755859375,256.8399963378906,250.47999572753906,254.77000427246094,29219100
1677196800,249.9600067138672,251.0,248.10000610351562,249.22000122070312,24990900
1677456000,252.4600067138672,252.82000732421875,249.38999938964844,250.16000366210938,21190000
1677542400,249.07000732421875,251.49000549316406,248.72999572753906,249.4199981689453,22491000
1677628800,250.75999450683594,250.92999267578125,245.7899932861328,246.27000427246094,27565300
1677715200,246.5500030517578,251.39999389648438,245.61000061035156,251.11000061035156,24808200
1677801600,252.19000244140625,255.6199951171875,251.38999938964844,255.2899932861328,30760100
1678060800,256.42999267578125,260.1199951171875,255.97999572753906,256.8699951171875,24109800
1678147200,256.29998779296875,257.69000244140625,253.38999938964844,254.14999389648438,21473200
1678233600,254.0399932861328,254.5399932861328,250.80999755859375,253.6999969482422,17340200
1678320000,255.82000732421875,259.55999755859375,251.5800018310547,252.32000732421875,26653400
1678406400,251.0800018310547,252.7899932861328,247.60000610351562,248.58999633789062,28333900
1678665600,247.39999389648438,257.9100036621094,245.72999572753906,253.9199981689453,33339700
1678752000,256.75,261.07000732421875,255.86000061035156,260.7900085449219,33620300
1678838400,259.9800109863281,266.4800109863281,259.2099914550781,265.44000244140625,46028000
1678924800,265.2099914550781,276.55999755859375,263.2799987792969,276.20001220703125,54768800
1679011200,278.260009765625,283.3299865722656,276.32000732421875,279.42999267578125,69527400
1679270400,276.9800109863281,277.4800109863281,269.8500061035156,272.2300109863281,43466600
1679356800,274.8800048828125,275.0,269.5199890136719,273.7799987792969,34558700
1679443200,273.3999938964844,281.0400085449219,272.17999267578125,272.2900085449219,34873300
1679529600,277.94000244140625,281.05999755859375,275.20001220703125,277.6600036621094,36610900
1679616000,277.239990234375,280.6300048828125,275.2799987792969,280.57000732421875,28172000
1679875200,280.5,281.4599914550781,275.5199890136719,276.3800048828125,26840200
1679961600,275.7900085449219,276.1400146484375,272.04998779296875,275.2300109863281,21878600
1680048000,278.9599914550781,281.1400146484375,278.4100036621094,280.510009765625,25087000
1680134400,284.2300109863281,284.4599914550781,281.4800109863281,284.04998779296875,25053400
1680220800,283.7300109863281,289.2699890136719,283.0,288.29998779296875,32766000
1680480000,286.5199890136719,288.2699890136719,283.95001220703125,287.2300109863281,24883300
1680566400,287.2300109863281,290.45001220703125,285.6700134277344,287.17999267578125,25824300
1680652800,285.8500061035156,287.1499938964844,282.9200134277344,284.3399963378906,22064800
1680739200,283.2099914550781,292.0799865722656,282.0299987792969,291.6000061035156,29770300
1681084800,289.2099914550781,289.6000061035156,284.7099914550781,289.3900146484375,23103000
1681171200,285.75,285.9800109863281,281.6400146484375,282.8299865722656,27276600
1681257600,284.7900085449219,287.010009765625,281.9599914550781,283.489990234375,27403400
1681344000,283.5899963378906,289.8999938964844,283.1700134277344,289.8399963378906,24222700
1681430400,287.0,288.4800109863281,283.69000244140625,286.1400146484375,20987900
1681689600,289.92999267578125,291.6000061035156,286.1600036621094,288.79998779296875,23836200
1681776000,291.57000732421875,291.760009765625,287.010009765625,288.3699951171875,20161800
1681862400,285.989990234375,289.04998779296875,284.5400085449219,288.45001220703125,17150300
1681948800,285.25,289.0299987792969,285.0799865722656,286.1099853515625,23244400
1682035200,285.010009765625,286.2699890136719,283.05999755859375,285.760009765625,21676400
1682294400,282.0899963378906,284.95001220703125,278.7200012207031,281.7699890136719,26611000
1682380800,279.510009765625,281.6000061035156,275.3699951171875,275.4200134277344,45772200
1682467200,296.70001220703125,299.57000732421875,292.7300109863281,295.3699951171875,64599200
1682553600,295.9700012207031,305.20001220703125,295.25,304.8299865722656,46462600
1682640000,304.010009765625,308.92999267578125,303.30999755859375,307.260009765625,36469600
1682899200,306.9700012207031,308.6000061035156,305.1499938964844,305.55999755859375,21294100
1682985600,307.760009765625,309.17999267578125,303.9100036621094,305.4100036621094,26404400
1683072000,306.6199951171875,308.6099853515625,304.0899963378906,304.3999938964844,22360800
1683158400,306.239990234375,307.760009765625,303.3999938964844,305.4100036621094,22519900
1683244800,305.7200012207031,311.9700012207031,304.2699890136719,310.6499938964844,28197100
1683504000,310.1300048828125,310.20001220703125,306.0899963378906,308.6499938964844,21318600
1683590400,308.0,310.0400085449219,306.30999755859375,307.0,21340800
1683676800,308.6199951171875,313.0,307.6700134277344,312.30999755859375,30078000
1683763200,310.1000061035156,311.1199951171875,306.260009765625,310.1099853515625,31680200
1683849600,310.54998779296875,310.6499938964844,306.6000061035156,308.9700012207031,19774700
1684108800,309.1000061035156,309.8999938964844,307.5899963378906,309.4599914550781,16336500
1684195200,309.8299865722656,313.7099914550781,309.8299865722656,311.739990234375,26730300
1684281600,312.2900085449219,314.42999267578125,310.739990234375,314.0,24315000
1684368000,314.5299987792969,319.0400085449219,313.7200012207031,318.5199890136719,27276000
1684454400,316.739990234375,318.75,316.3699951171875,318.3399963378906,27546700
1684713600,318.6000061035156,322.5899963378906,318.010009765625,321.17999267578125,24115700
1684800000,320.0299987792969,322.7200012207031,315.25,315.260009765625,30797200
1684886400,314.7300109863281,316.5,312.6099853515625,313.8500061035156,23384900
1684972800,323.239990234375,326.8999938964844,320.0,325.9200134277344,43301700
1685059200,324.0199890136719,333.3999938964844,323.8800048828125,332.8900146484375,36630600
1685404800,335.2300109863281,335.739990234375,330.5199890136719,331.2099914550781,29503100
1685491200,332.2900085449219,335.94000244140625,327.3299865722656,328.3900146484375,45950600
1685577600,325.92999267578125,333.5299987792969,324.7200012207031,332.5799865722656,26773900
1685664000,334.25,337.5,332.54998779296875,335.3999938964844,25873800
1685923200,335.2200012207031,338.55999755859375,334.6600036621094,335.94000244140625,21307100
1686009600,335.3299865722656,335.3699951171875,332.1700134277344,333.67999267578125,20396200
1686096000,331.6499938964844,334.489990234375,322.5,323.3800048828125,40717100
1686182400,323.94000244140625,326.6400146484375,323.3500061035156,325.260009765625,23277700
1686268800,324.989990234375,329.989990234375,324.4100036621094,326.7900085449219,22529000
1686528000,328.5799865722656,332.1000061035156,325.1600036621094,331.8500061035156,24260300
1686614400,334.4700012207031,336.9800109863281,330.3900146484375,334.2900085449219,22951300
1686700800,334.3399963378906,339.0400085449219,332.80999755859375,337.3399963378906,26003800
1686787200,337.4800109863281,349.8399963378906,337.20001220703125,348.1000061035156,38899100
1686873600,351.32000732421875,351.4700012207031,341.95001220703125,342.3299865722656,46552000
1687219200,339.30999755859375,342.0799865722656,335.8599853515625,338.04998779296875,26375400
1687305600,336.3699951171875,337.7300109863281,332.07000732421875,333.55999755859375,25117800
1687392000,334.1199951171875,340.1199951171875,333.3399963378906,339.7099914550781,23556800
1687478400,334.3599853515625,337.9599914550781,333.45001220703125,335.0199890136719,23146900
1687737600,333.7200012207031,336.1099853515625,328.489990234375,328.6000061035156,21520600
1687824000,331.8599853515625,336.1499938964844,329.29998779296875,334.57000732421875,24354100
1687910400,334.6600036621094,337.9800109863281,333.80999755859375,335.8500061035156,20259500
1687996800,334.7099914550781,336.1099853515625,332.6199951171875,335.04998779296875,16997000
1688083200,337.75,342.7300109863281,337.20001220703125,340.5400085449219,26832800
1688342400,339.19000244140625,340.8999938964844,336.57000732421875,337.989990234375,12508700
1688515200,335.0899963378906,341.6499938964844,334.7300109863281,338.1499938964844,18172400
1688601600,337.29998779296875,342.989990234375,335.5,341.2699890136719,28161200
1688688000,339.32000732421875,341.7900085449219,337.0,337.2200012207031,21214800
1688947200,334.6000061035156,335.2300109863281,327.5899963378906,331.8299865722656,32791400
1689033600,331.05999755859375,332.8599853515625,327.0,332.4700012207031,26698200
1689120000,336.6000061035156,341.6499938964844,335.6700134277344,337.20001220703125,29995300
1689206400,339.55999755859375,343.739990234375,339.0199890136719,342.6600036621094,20567200
1689292800,347.5899963378906,351.42999267578125,344.30999755859375,345.239990234375,28352700
1689552000,345.67999267578125,346.989990234375,342.20001220703125,345.7300109863281,20363900
1689638400,345.8299865722656,366.7799987792969,342.1700134277344,359.489990234375,64738600
1689724800,361.75,362.4599914550781,352.44000244140625,355.0799865722656,39732900
1689811200,353.57000732421875,357.9700012207031,345.3699951171875,346.8699951171875,33778400
1689897600,349.1499938964844,350.29998779296875,339.8299865722656,343.7699890136719,69405400
1690156800,345.8500061035156,346.9200134277344,342.30999755859375,345.1099853515625,26678100
1690243200,347.1099853515625,351.8900146484375,345.07000732421875,350.9800109863281,41637700
1690329600,341.44000244140625,344.6700134277344,333.1099853515625,337.7699890136719,58383700
1690416000,340.4800109863281,341.3299865722656,329.04998779296875,330.7200012207031,39635300
1690502400,333.6700134277344,340.010009765625,333.1700134277344,338.3699951171875,28484900
1690761600,336.9200134277344,337.70001220703125,333.3599853515625,335.9200134277344,25446000
1690848000,335.19000244140625,338.5400085449219,333.70001220703125,336.3399963378906,18311900
1690934400,333.6300048828125,333.6300048828125,326.3599853515625,327.5,27761300
1691020800,326.0,329.8800048828125,325.95001220703125,326.6600036621094,18253700
1691107200,331.8800048828125,335.1400146484375,327.239990234375,327.7799987792969,23741500
1691366400,328.3699951171875,331.1099853515625,327.5199890136719,330.1099853515625,17741500
1691452800,326.9599914550781,328.75,323.0,326.04998779296875,22327600
1691539200,326.4700012207031,327.1099853515625,321.04998779296875,322.2300109863281,22373300
1691625600,326.0199890136719,328.260009765625,321.17999267578125,322.92999267578125,20113700
1691712000,320.260009765625,322.4100036621094,319.2099914550781,321.010009765625,24355500
1691971200,321.3900146484375,324.05999755859375,320.0799865722656,324.0400085449219,18836100
1692057600,323.0,325.0899963378906,320.8999938964844,321.8599853515625,16966300
1692144000,320.79998779296875,324.4200134277344,319.79998779296875,320.3999938964844,20698900
1692230400,320.5400085449219,321.8699951171875,316.2099914550781,316.8800048828125,21257200
1692316800,314.489990234375,318.3800048828125,311.54998779296875,316.4800109863281,24755000
1692576000,317.92999267578125,322.7699890136719,317.0400085449219,321.8800048828125,24040000
1692662400,325.5,326.0799865722656,321.4599914550781,322.4599914550781,16084600
1692748800,323.82000732421875,329.20001220703125,323.4599914550781,327.0,21166400
1692835200,332.8500061035156,332.9800109863281,319.9599914550781,319.9700012207031,23281400
1692921600,321.4700012207031,325.3599853515625,318.79998779296875,322.9800109863281,21684100
1693180800,325.6600036621094,326.1499938964844,321.7200012207031,323.70001220703125,14808500
1693267200,321.8800048828125,328.9800109863281,321.8800048828125,328.4100036621094,19284600
1693353600,328.6700134277344,329.80999755859375,326.45001220703125,328.7900085449219,15222100
1693440000,329.20001220703125,330.9100036621094,326.7799987792969,327.760009765625,26411000
1693526400,331.30999755859375,331.989990234375,326.7799987792969,328.6600036621094,14942000
1693872000,329.0,334.8500061035156,328.6600036621094,333.54998779296875,18553900
1693958400,333.3800048828125,334.4599914550781,330.17999267578125,332.8800048828125,17535800
1694044800,331.2900085449219,333.0799865722656,329.0299987792969,329.9100036621094,18381000
1694131200,330.0899963378906,336.1600036621094,329.4599914550781,334.2699890136719,19530100
1694390400,337.239990234375,338.4200134277344,335.42999267578125,337.94000244140625,16583300
1694476800,335.82000732421875,336.7900085449219,331.4800109863281,331.7699890136719,17565500
1694563200,331.30999755859375,336.8500061035156,331.1700134277344,336.05999755859375,16544400
1694649600,339.1499938964844,340.8599853515625,336.57000732421875,338.70001220703125,20267000
1694736000,336.9200134277344,337.3999938964844,329.6499938964844,330.2200012207031,37679800
1694995200,327.79998779296875,330.3999938964844,326.3599853515625,329.05999755859375,16834200
1695081600,326.1700134277344,329.3900146484375,324.510009765625,328.6499938964844,16505900
1695168000,329.510009765625,329.5899963378906,320.510009765625,320.7699890136719,21436500
1695254400,319.260009765625,325.3500061035156,315.0,319.5299987792969,35560400
1695340800,321.32000732421875,321.45001220703125,316.1499938964844,317.010009765625,21447900
1695600000,316.5899963378906,317.6700134277344,315.0,317.5400085449219,17836000
1695686400,315.1300048828125,315.8800048828125,310.0199890136719,312.1400146484375,26297600
1695772800,312.29998779296875,314.29998779296875,309.69000244140625,312.7900085449219,19410100
1695859200,310.989990234375,315.4800109863281,309.45001220703125,313.6400146484375,19683600
1695945600,317.75,319.4700012207031,314.9800109863281,315.75,24147300
1696204800,316.2799987792969,321.8900146484375,315.17999267578125,321.79998779296875,20570000
1696291200,320.8299865722656,321.3900146484375,311.2099914550781,313.3900146484375,21033500
1696377600,314.0299987792969,320.0400085449219,314.0,318.9599914550781,20720100
1696464000,319.0899963378906,319.9800109863281,314.8999938964844,319.3599853515625,16965600
1696550400,316.54998779296875,329.19000244140625,316.29998779296875,327.260009765625,25673600
1696809600,324.75,330.29998779296875,323.17999267578125,329.82000732421875,19891200
1696896000,330.9599914550781,331.1000061035156,327.6700134277344,328.3900146484375,20557100
1696982400,331.2099914550781,332.82000732421875,329.1400146484375,332.4200134277344,20063200
1697068800,330.57000732421875,333.6300048828125,328.7200012207031,331.1600036621094,19313100
1697155200,332.3800048828125,333.8299865722656,326.3599853515625,327.7300109863281,21072400
1697414400,331.04998779296875,336.1400146484375,330.6000061035156,332.6400146484375,22158000
1697500800,329.5899963378906,333.4599914550781,327.4100036621094,332.05999755859375,18338500
1697587200,332.489990234375,335.5899963378906,328.29998779296875,330.1099853515625,23153600
1697673600,332.1499938964844,336.8800048828125,330.9100036621094,331.32000732421875,25052100
1697760000,331.7200012207031,331.9200134277344,325.45001220703125,326.6700134277344,25027700
1698019200,325.4700012207031,332.7300109863281,324.3900146484375,329.32000732421875,24374700
1698105600,331.29998779296875,331.8399963378906,327.6000061035156,330.5299987792969,31153600
1698192000,345.0199890136719,346.20001220703125,337.6199951171875,340.6700134277344,55053800
1698278400,340.5400085449219,341.6300048828125,326.94000244140625,327.8900146484375,37828500
1698364800,330.42999267578125,336.7200012207031,328.3999938964844,329.80999755859375,29856500
1698624000,333.4100036621094,339.45001220703125,331.8299865722656,337.30999755859375,22828100
1698710400,338.8500061035156,339.0,334.69000244140625,338.1099853515625,20265300
1698796800,339.7900085449219,347.4200134277344,339.6499938964844,346.07000732421875,28158800
1698883200,347.239990234375,348.8299865722656,344.7699890136719,348.32000732421875,24348100
1698969600,349.6300048828125,354.3900146484375,347.3299865722656,352.79998779296875,23637700
1699228800,353.45001220703125,357.5400085449219,353.3500061035156,356.5299987792969,23828300
1699315200,359.3999938964844,362.4599914550781,357.6300048828125,360.5299987792969,25833900
1699401600,361.67999267578125,363.8699951171875,360.54998779296875,363.20001220703125,26767800
1699488000,362.29998779296875,364.7900085449219,360.3599853515625,360.69000244140625,24847300
1699574400,361.489990234375,370.1000061035156,361.07000732421875,369.6700134277344,28042100
1699833600,368.2200012207031,368.4700012207031,365.8999938964844,366.67999267578125,19986500
1699920000,371.010009765625,371.95001220703125,367.3500061035156,370.2699890136719,27683900
1700006400,371.2799987792969,373.1300048828125,367.1099853515625,369.6700134277344,26860100
1700092800,370.9599914550781,376.3500061035156,370.17999267578125,376.1700134277344,27182300
1700179200,373.6099853515625,374.3699951171875,367.0,369.8500061035156,40157000
1700438400,371.2200012207031,378.8699951171875,371.0,377.44000244140625,52465100
1700524800,375.6700134277344,376.2200012207031,371.1199951171875,373.07000732421875,28423100
1700611200,378.0,379.7900085449219,374.9700012207031,377.8500061035156,23345300
1700784000,377.3299865722656,377.9700012207031,375.1400146484375,377.42999267578125,10176600
1701043200,376.7799987792969,380.6400146484375,376.20001220703125,378.6099853515625,22179200
1701129600,378.3500061035156,383.0,378.1600036621094,382.70001220703125,20453100
1701216000,383.760009765625,384.29998779296875,377.44000244140625,378.8500061035156,28963400
1701302400,378.489990234375,380.0899963378906,375.4700012207031,378.9100036621094,30554400
1701388800,376.760009765625,378.1600036621094,371.30999755859375,374.510009765625,33040500
1701648000,369.1000061035156,369.5199890136719,362.8999938964844,369.1400146484375,32063300
1701734400,366.45001220703125,373.0799865722656,365.6199951171875,372.5199890136719,23065000
1701820800,373.5400085449219,374.17999267578125,368.0299987792969,368.79998779296875,21182100
1701907200,368.2300109863281,371.45001220703125,366.32000732421875,370.95001220703125,23118900
1701993600,369.20001220703125,374.4599914550781,368.2300109863281,374.2300109863281,20154400
1702252800,368.4800109863281,371.6000061035156,366.1000061035156,371.29998779296875,27708800
1702339200,370.8500061035156,374.4200134277344,370.4599914550781,374.3800048828125,24838300
1702425600,376.0199890136719,377.6400146484375,370.7699890136719,374.3699951171875,30955500
1702512000,373.30999755859375,373.760009765625,364.1300048828125,365.92999267578125,43277500
1702598400,366.8500061035156,372.3999938964844,366.2799987792969,370.7300109863281,78502300
1702857600,369.45001220703125,373.0,368.67999267578125,372.6499938964844,21802900
1702944000,371.489990234375,373.260009765625,369.8399963378906,373.260009765625,20603700
1703030400,375.0,376.0299987792969,370.5299987792969,370.6199951171875,26316700
1703116800,372.55999755859375,374.4100036621094,370.0400085449219,373.5400085449219,17708000
1703203200,373.67999267578125,375.17999267578125,372.7099914550781,374.5799865722656,17107500
1703548800,375.0,376.94000244140625,373.5,374.6600036621094,12673100
1703635200,373.69000244140625,375.05999755859375,372.80999755859375,374.07000732421875,14905400
1703721600,375.3699951171875,376.4599914550781,374.1600036621094,375.2799987792969,14327000
1703808000,376.0,377.1600036621094,373.4800109863281,376.0400085449219,18730800
1704153600,373.8599853515625,375.8999938964844,366.7699890136719,370.8699951171875,25258600
1704240000,369.010009765625,373.260009765625,368.510009765625,370.6000061035156,23083500
1704326400,370.6700134277344,373.1000061035156,367.1700134277344,367.94000244140625,20901500
1704412800,368.9700012207031,372.05999755859375,366.5,367.75,21004600
1704672000,369.29998779296875,375.20001220703125,369.010009765625,374.69000244140625,23134000
1704758400,372.010009765625,375.989990234375,371.19000244140625,375.7900085449219,20830000
1704844800,376.3699951171875,384.1700134277344,376.32000732421875,382.7699890136719,25514200
1704931200,386.0,390.67999267578125,380.3800048828125,384.6300048828125,27850800
1705017600,385.489990234375,388.67999267578125,384.6499938964844,388.4700012207031,21661200
1705363200,393.6600036621094,394.0299987792969,387.6199951171875,390.2699890136719,27202300
1705449600,387.9800109863281,390.1099853515625,384.80999755859375,389.4700012207031,22234100
1705536000,391.7200012207031,393.989990234375,390.1199951171875,393.8699951171875,23392100
1705622400,395.760009765625,398.6700134277344,393.5,398.6700134277344,29331100
1705881600,400.0199890136719,400.6199951171875,393.5899963378906,396.510009765625,27016900
1705968000,395.75,399.3800048828125,393.92999267578125,398.8999938964844,20525900
1706054400,401.5400085449219,405.6300048828125,400.45001220703125,402.55999755859375,24867000
1706140800,404.32000732421875,407.010009765625,402.5299987792969,404.8699951171875,21021200
1706227200,404.3699951171875,406.1700134277344,402.42999267578125,403.92999267578125,17803300
1706486400,406.05999755859375,409.9800109863281,404.3299865722656,409.7200012207031,24510200
1706572800,412.260009765625,413.04998779296875,406.45001220703125,408.5899963378906,33477600
1706659200,406.9599914550781,415.32000732421875,397.2099914550781,397.5799865722656,47871100
1706745600,401.8299865722656,408.0,401.79998779296875,403.7799987792969,30657700
1706832000,403.80999755859375,412.6499938964844,403.55999755859375,411.2200012207031,28256700
1707091200,409.8999938964844,411.1600036621094,403.989990234375,405.6499938964844,25352300
1707177600,405.8800048828125,407.9700012207031,402.9100036621094,405.489990234375,18382600
1707264000,407.44000244140625,414.29998779296875,407.3999938964844,414.04998779296875,22340500
1707350400,414.04998779296875,415.55999755859375,412.5299987792969,414.1099853515625,21225300
1707436800,415.25,420.82000732421875,415.0899963378906,420.54998779296875,22032800
1707696000,420.55999755859375,420.739990234375,414.75,415.260009765625,21202900
1707782400,404.94000244140625,410.07000732421875,403.3900146484375,406.32000732421875,27824900
1707868800,408.07000732421875,409.8399963378906,404.57000732421875,409.489990234375,20401200
1707955200,408.1400146484375,409.1300048828125,404.2900085449219,406.55999755859375,21825500
1708041600,407.9599914550781,408.2900085449219,403.44000244140625,404.05999755859375,22296500
1708387200,403.239990234375,404.489990234375,398.010009765625,402.7900085449219,24307900
1708473600,400.1700134277344,402.2900085449219,397.2200012207031,402.17999267578125,18518900
1708560000,410.19000244140625,412.8299865722656,408.57000732421875,411.6499938964844,27009900
1708646400,415.6700134277344,415.8599853515625,408.9700012207031,410.3399963378906,16295900
1708905600,411.4599914550781,412.1600036621094,407.3599853515625,407.5400085449219,16193500
1708992000,407.989990234375,408.32000732421875,403.8500061035156,407.4800109863281,14835800
1709078400,408.17999267578125,409.29998779296875,405.32000732421875,407.7200012207031,13183100
1709164800,408.6400146484375,414.20001220703125,405.9200134277344,413.6400146484375,31947300
1709251200,411.2699890136719,415.8699951171875,410.8800048828125,415.5,17823400
1709510400,413.44000244140625,417.3500061035156,412.32000732421875,414.9200134277344,17596000
1709596800,413.9599914550781,414.25,400.6400146484375,402.6499938964844,26919200
1709683200,402.9700012207031,405.1600036621094,398.3900146484375,402.0899963378906,22344100
1709769600,406.1199951171875,409.7799987792969,402.239990234375,409.1400146484375,18718500
1709856000,407.9599914550781,410.4200134277344,404.3299865722656,406.2200012207031,18002200
1710115200,403.760009765625,405.67999267578125,401.260009765625,404.5199890136719,16120800
1710201600,407.6199951171875,415.57000732421875,406.7900085449219,415.2799987792969,22457000
1710288000,418.1000061035156,418.17999267578125,411.45001220703125,415.1000061035156,17115900
1710374400,420.239990234375,427.82000732421875,417.989990234375,425.2200012207031,34157300
1710460800,419.2900085449219,422.6000061035156,412.7900085449219,416.4200134277344,45079900
1710720000,414.25,420.7300109863281,413.7799987792969,417.32000732421875,20106000
1710806400,417.8299865722656,421.6700134277344,415.54998779296875,421.4100036621094,19837900
1710892800,422.0,425.9599914550781,420.6600036621094,425.2300109863281,17860100
1710979200,429.8299865722656,430.82000732421875,427.1600036621094,429.3699951171875,21296200
1711065600,429.70001220703125,429.8599853515625,426.07000732421875,428.739990234375,17648500
1711324800,425.239990234375,427.4100036621094,421.6099853515625,422.8599853515625,18060500
1711411200,425.6099853515625,425.989990234375,421.3500061035156,421.6499938964844,16725600
1711497600,424.44000244140625,424.45001220703125,419.010009765625,421.42999267578125,16705000
1711584000,420.9599914550781,421.8699951171875,419.1199951171875,420.7200012207031,21871200
1711929600,423.95001220703125,427.8900146484375,422.2200012207031,424.57000732421875,16316000
1712016000,420.1099853515625,422.3800048828125,417.8399963378906,421.44000244140625,17912000
1712102400,419.7300109863281,423.260009765625,419.0899963378906,420.45001220703125,16502300
1712188800,424.989990234375,428.6700134277344,417.57000732421875,417.8800048828125,19370900
1712275200,420.010009765625,426.510009765625,418.32000732421875,425.5199890136719,16554800
1712534400,425.1700134277344,427.2799987792969,423.29998779296875,424.5899963378906,14272400
1712620800,426.44000244140625,427.739990234375,421.6199951171875,426.2799987792969,12496900
1712707200,422.19000244140625,424.0299987792969,419.70001220703125,423.260009765625,16216600
1712793600,425.82000732421875,429.3699951171875,422.3599853515625,427.92999267578125,17966400
1712880000,424.04998779296875,425.17999267578125,419.7699890136719,421.8999938964844,19253800
1713139200,426.6000061035156,426.82000732421875,413.42999267578125,413.6400146484375,20273500
1713225600,414.57000732421875,418.3999938964844,413.7300109863281,414.5799865722656,16765600
1713312000,417.25,418.8800048828125,410.3299865722656,411.8399963378906,15855500
1713398400,410.6300048828125,411.8900146484375,403.95001220703125,404.2699890136719,21029900
1713484800,404.0299987792969,405.4800109863281,397.7699890136719,399.1199951171875,30565800
1713744000,400.0799865722656,402.8500061035156,395.75,400.9599914550781,20286900
1713830400,404.239990234375,408.20001220703125,403.05999755859375,407.57000732421875,15734500
1713916800,409.55999755859375,412.4700012207031,406.7799987792969,409.05999755859375,15065300
1714003200,394.0299987792969,399.8900146484375,388.0299987792969,399.0400085449219,40586500
1714089600,412.1700134277344,413.0,405.760009765625,406.32000732421875,29694700
1714348800,405.25,406.32000732421875,399.19000244140625,402.25,19582100
1714435200,401.489990234375,402.1600036621094,389.1700134277344,389.3299865722656,28781400
1714521600,392.6099853515625,401.7200012207031,390.30999755859375,394.94000244140625,23562500
1714608000,397.6600036621094,399.92999267578125,394.6499938964844,397.8399963378906,17709400
1714694400,402.2799987792969,407.1499938964844,401.8599853515625,406.6600036621094,17446700
1714953600,408.760009765625,413.92999267578125,406.3699951171875,413.5400085449219,16996600
1715040000,414.6600036621094,414.6700134277344,409.0899963378906,409.3399963378906,20018200
1715126400,408.1700134277344,412.2300109863281,406.7099914550781,410.5400085449219,11792300
1715212800,410.57000732421875,412.7200012207031,409.1000061035156,412.32000732421875,14689700
1715299200,412.94000244140625,415.3800048828125,411.79998779296875,414.739990234375,13402300
1715558400,418.010009765625,418.3500061035156,410.82000732421875,413.7200012207031,15440200
1715644800,412.0199890136719,417.489990234375,411.54998779296875,416.55999755859375,15109300
1715731200,417.8999938964844,423.80999755859375,417.2699890136719,423.0799865722656,22239500
1715817600,421.79998779296875,425.4200134277344,420.3500061035156,420.989990234375,17530100
1715904000,422.5400085449219,422.9200134277344,418.0299987792969,420.2099914550781,15352200
1716163200,420.2099914550781,426.7699890136719,419.989990234375,425.3399963378906,16272100
1716249600,426.8299865722656,432.9700012207031,424.8500061035156,429.0400085449219,21453300
1716336000,430.0899963378906,432.4100036621094,427.1300048828125,430.5199890136719,18073700
1716422400,432.9700012207031,433.6000061035156,425.4200134277344,427.0,17211700
1716508800,427.19000244140625,431.05999755859375,424.4100036621094,430.1600036621094,11855300
1716854400,429.6300048828125,430.82000732421875,426.6000061035156,430.32000732421875,15718000
1716940800,425.69000244140625,430.94000244140625,425.69000244140625,429.1700134277344,15517100
1717027200,424.29998779296875,424.29998779296875,414.239990234375,414.6700134277344,28394500
1717113600,416.75,416.75,404.510009765625,415.1300048828125,47995300
1717372800,415.5299987792969,416.42999267578125,408.9200134277344,413.5199890136719,17484700
1717459200,412.42999267578125,416.44000244140625,409.67999267578125,416.07000732421875,14348900
1717545600,417.80999755859375,424.0799865722656,416.29998779296875,424.010009765625,16988000
1717632000,424.010009765625,425.30999755859375,420.5799865722656,424.5199890136719,14861300
1717718400,426.20001220703125,426.2799987792969,423.0,423.8500061035156,13621700
1717977600,424.70001220703125,428.0799865722656,423.8900146484375,427.8699951171875,13982900
1718064000,425.4800109863281,432.82000732421875,425.25,432.67999267578125,14551100
1718150400,435.32000732421875,443.3999938964844,433.25,441.05999755859375,22366200
1718236800,440.8500061035156,443.3900146484375,439.3699951171875,441.5799865722656,15960600
1718323200,438.2799987792969,443.1400146484375,436.7200012207031,442.57000732421875,13582000
1718582400,442.5899963378906,450.94000244140625,440.7200012207031,448.3699951171875,20790000
1718668800,449.7099914550781,450.1400146484375,444.8900146484375,446.3399963378906,17112500
1718841600,446.29998779296875,446.5299987792969,441.2699890136719,445.70001220703125,19877400
1718928000,447.3800048828125,450.5799865722656,446.510009765625,449.7799987792969,34187100
1719187200,449.79998779296875,452.75,446.4100036621094,447.6700134277344,15913700
1719273600,448.25,451.4200134277344,446.75,450.95001220703125,16413400
1719360000,449.0,453.6000061035156,448.19000244140625,452.1600036621094,16507000
1719446400,452.17999267578125,456.1700134277344,451.7699890136719,452.8500061035156,14806300
1719532800,453.07000732421875,455.3800048828125,446.4100036621094,446.95001220703125,28362300
1719792000,448.6600036621094,457.3699951171875,445.6600036621094,456.7300109863281,17662800
1719878400,453.20001220703125,459.5899963378906,453.1099853515625,459.2799987792969,13979800
1719964800,458.19000244140625,461.0199890136719,457.8800048828125,460.7699890136719,9932800
1720137600,459.6099853515625,468.3500061035156,458.9700012207031,467.55999755859375,16000300
1720396800,466.54998779296875,467.70001220703125,464.4599914550781,466.239990234375,12962300
1720483200,467.0,467.3299865722656,458.0,459.5400085449219,17207200
1720569600,461.2200012207031,466.4599914550781,458.8599853515625,466.25,18196100
1720656000,462.9800109863281,464.7799987792969,451.54998779296875,454.70001220703125,23111200
1720742400,454.3299865722656,456.3599853515625,450.6499938964844,453.54998779296875,16324300
1721001600,453.29998779296875,457.260009765625,451.42999267578125,453.9599914550781,14429400
1721088000,454.2200012207031,454.29998779296875,446.6600036621094,449.5199890136719,17175700
1721174400,442.5899963378906,444.8500061035156,439.17999267578125,443.5199890136719,21778000
1721260800,444.3399963378906,444.6499938964844,434.3999938964844,440.3699951171875,20794800
1721347200,433.1000061035156,441.1400146484375,432.0,437.1099853515625,20940400
1721606400,441.7900085449219,444.6000061035156,438.9100036621094,442.94000244140625,15808800
1721692800,443.8999938964844,448.3900146484375,443.1000061035156,444.8500061035156,13107100
1721779200,440.45001220703125,441.4800109863281,427.5899963378906,428.8999938964844,26805800
1721865600,428.79998779296875,429.79998779296875,417.510009765625,418.3999938964844,29943800
1721952000,418.20001220703125,428.9200134277344,417.2699890136719,425.2699890136719,23583800
1722211200,431.5799865722656,432.1499938964844,424.70001220703125,426.7300109863281,15125800
1722297600,427.7200012207031,429.04998779296875,417.3599853515625,422.9200134277344,32687600
1722384000,420.5,421.7799987792969,412.2099914550781,418.3500061035156,42891400
1722470400,420.7900085449219,427.4599914550781,413.0899963378906,417.1099853515625,30296400
1722556800,412.489990234375,415.0,404.3399963378906,408.489990234375,29437900
1722816000,389.1700134277344,401.0400085449219,385.5799865722656,395.1499938964844,40709200
1722902400,400.0,405.6700134277344,398.5,399.6099853515625,24946500
1722988800,408.6400146484375,410.0799865722656,397.4700012207031,398.42999267578125,20650900
1723075200,402.44000244140625,405.8599853515625,399.94000244140625,402.69000244140625,20203000
1723161600,404.0299987792969,408.04998779296875,402.260009765625,406.0199890136719,19276700
1723420800,407.05999755859375,408.760009765625,404.239990234375,406.80999755859375,16762900
1723507200,409.5899963378906,414.95001220703125,409.57000732421875,414.010009765625,19414300
1723593600,414.79998779296875,417.7200012207031,412.45001220703125,416.8599853515625,18267000
1723680000,419.79998779296875,421.1099853515625,417.6600036621094,421.0299987792969,20752100
1723766400,420.6000061035156,421.3399963378906,417.29998779296875,418.4700012207031,22775600
1724025600,418.9599914550781,421.75,416.4599914550781,421.5299987792969,15234000
1724112000,421.70001220703125,425.8599853515625,421.6400146484375,424.79998779296875,16387600
1724198400,424.0799865722656,426.3999938964844,421.7200012207031,424.1400146484375,16067300
1724284800,424.3599853515625,426.7900085449219,414.6099853515625,415.54998779296875,19361900
1724371200,416.9800109863281,419.260009765625,412.0899963378906,416.7900085449219,18493800
1724630400,416.3699951171875,417.2799987792969,411.3399963378906,413.489990234375,13152800
1724716800,412.8599853515625,414.3599853515625,410.25,413.8399963378906,13492900
1724803200,414.8800048828125,415.0,407.30999755859375,410.6000061035156,14882700
1724889600,414.94000244140625,422.04998779296875,410.6000061035156,413.1199951171875,17045200
1724976000,415.6000061035156,417.489990234375,412.1300048828125,417.1400146484375,24308300
1725321600,417.9100036621094,419.8800048828125,407.0299987792969,409.44000244140625,20313600
1725408000,405.9100036621094,411.239990234375,404.3699951171875,408.8999938964844,15135800
1725494400,407.6199951171875,413.1000061035156,406.1300048828125,408.3900146484375,14195500
1725580800,409.05999755859375,410.6499938964844,400.79998779296875,401.70001220703125,19609500
1725840000,407.239990234375,408.6499938964844,402.1499938964844,405.7200012207031,15295100
1725926400,408.20001220703125,416.3299865722656,407.70001220703125,414.20001220703125,19594300
1726012800,415.5,423.989990234375,409.5799865722656,423.0400085449219,19266900
1726099200,423.30999755859375,427.3699951171875,419.75,427.0,17395700
1726185600,425.8299865722656,431.8299865722656,425.4599914550781,430.5899963378906,15874600
1726444800,430.6000061035156,433.5299987792969,428.2200012207031,431.3399963378906,13834700
1726531200,440.2300109863281,441.8500061035156,432.2699890136719,435.1499938964844,18874200
1726617600,435.0,436.0299987792969,430.4100036621094,430.80999755859375,18898000
1726704000,441.2300109863281,441.5,436.8999938964844,438.69000244140625,21706600
1726790400,437.2200012207031,439.239990234375,434.2200012207031,435.2699890136719,55167100
1727049600,434.2799987792969,436.4599914550781,430.3900146484375,433.510009765625,15128900
1727136000,433.0,433.3500061035156,426.1000061035156,429.1700134277344,17015800
1727222400,429.8299865722656,433.1199951171875,428.57000732421875,432.1099853515625,13396400
1727308800,435.0899963378906,435.29998779296875,429.1300048828125,431.30999755859375,14492000
1727395200,431.5199890136719,431.8500061035156,427.4700012207031,428.0199890136719,14896100
1727654400,428.2099914550781,430.4200134277344,425.3699951171875,430.29998779296875,16807300
1727740800,428.45001220703125,428.4800109863281,418.80999755859375,420.69000244140625,19092900
1727827200,422.5799865722656,422.82000732421875,416.7099914550781,417.1300048828125,16582300
1727913600,417.6300048828125,419.54998779296875,414.2900085449219,416.5400085449219,13686400
1728000000,418.239990234375,419.75,414.9700012207031,416.05999755859375,19169700
1728259200,416.0,417.1099853515625,409.0,409.5400085449219,20919800
1728345600,410.8999938964844,415.6600036621094,408.1700134277344,414.7099914550781,19229300
1728432000,415.8599853515625,420.3800048828125,414.29998779296875,417.4599914550781,14974300
1728518400,415.2300109863281,417.3500061035156,413.1499938964844,415.8399963378906,13848400
1728604800,416.1400146484375,417.1300048828125,413.25,416.32000732421875,14144900
1728864000,417.7699890136719,424.0400085449219,417.5199890136719,419.1400146484375,16653100
1728950400,422.17999267578125,422.4800109863281,415.260009765625,418.739990234375,18900200
1729036800,415.1700134277344,416.3599853515625,410.4800109863281,416.1199951171875,15508900
1729123200,422.3599853515625,422.5,415.5899963378906,416.7200012207031,14820000
1729209600,417.1400146484375,419.6499938964844,416.260009765625,418.1600036621094,17145300
1729468800,416.1199951171875,418.9599914550781,413.75,418.7799987792969,14206100
1729555200,418.489990234375,430.5799865722656,418.0400085449219,427.510009765625,25482200
1729641600,430.8599853515625,431.0799865722656,422.5299987792969,424.6000061035156,19654400
1729728000,425.3299865722656,425.9800109863281,422.3999938964844,424.7300109863281,13581600
1729814400,426.760009765625,432.5199890136719,426.57000732421875,428.1499938964844,16899100
1730073600,431.6600036621094,431.94000244140625,426.29998779296875,426.5899963378906,14882400
1730160000,428.0,433.1700134277344,425.79998779296875,431.95001220703125,17644100
1730246400,437.44000244140625,438.5,432.1000061035156,432.5299987792969,29749100
1730332800,415.3599853515625,416.1600036621094,406.29998779296875,406.3500061035156,53971000
1730419200,409.010009765625,415.5,407.5,410.3699951171875,24230400
1730678400,409.79998779296875,410.4200134277344,405.57000732421875,408.4599914550781,19672300
1730764800,408.3699951171875,414.8999938964844,408.0799865722656,411.4599914550781,17626000
1730851200,412.4200134277344,420.45001220703125,410.5199890136719,420.17999267578125,26681800
1730937600,421.2799987792969,426.8500061035156,419.8800048828125,425.42999267578125,19901800
1731024000,425.32000732421875,426.5,421.7799987792969,422.5400085449219,16891400
1731283200,422.5199890136719,424.80999755859375,416.0,418.010009765625,24503300
1731369600,418.25,424.44000244140625,417.20001220703125,423.0299987792969,19401200
1731456000,421.6400146484375,429.3299865722656,418.2099914550781,425.20001220703125,21502200
1731542400,425.0,428.1700134277344,420.0,426.8900146484375,30246900
1731628800,419.82000732421875,422.79998779296875,413.6400146484375,415.0,28247600
1731888000,414.8699951171875,418.3999938964844,412.1000061035156,415.760009765625,24727000
1731974400,413.1099853515625,417.94000244140625,411.54998779296875,417.7900085449219,18133500
1732060800,416.8699951171875,417.2900085449219,410.5799865722656,415.489990234375,19191700
1732147200,419.5,419.7799987792969,410.2900085449219,412.8699951171875,20780200
1732233600,411.3699951171875,417.3999938964844,411.05999755859375,417.0,24814600
1732492800,418.3800048828125,421.0799865722656,414.8500061035156,418.7900085449219,27691100
1732579200,419.5899963378906,429.0400085449219,418.8500061035156,427.989990234375,23458900
1732665600,425.1099853515625,427.2300109863281,422.0199890136719,422.989990234375,18332400
1732838400,420.0899963378906,424.8800048828125,417.79998779296875,423.4599914550781,16271900
1733097600,421.57000732421875,433.0,421.30999755859375,430.9800109863281,20207200
1733184000,429.8399963378906,432.4700012207031,427.739990234375,431.20001220703125,18302000
1733270400,433.0299987792969,439.6700134277344,432.6300048828125,437.4200134277344,26009400
1733356800,437.9200134277344,444.6600036621094,436.1700134277344,442.6199951171875,21697800
1733443200,442.29998779296875,446.1000061035156,441.7699890136719,443.57000732421875,18821000
1733702400,442.6000061035156,448.3299865722656,440.5,446.0199890136719,19144400
1733788800,444.3900146484375,449.6199951171875,441.6000061035156,443.3299865722656,18469500
1733875200,444.04998779296875,450.3500061035156,444.04998779296875,448.989990234375,19200200
1733961600,449.1099853515625,456.1600036621094,449.1099853515625,449.55999755859375,20834800
1734048000,448.44000244140625,451.42999267578125,445.5799865722656,447.2699890136719,20177800
1734307200,447.2699890136719,452.17999267578125,445.2799987792969,451.5899963378906,23598800
1734393600,451.010009765625,455.2900085449219,449.57000732421875,454.4599914550781,22733500
1734480000,451.32000732421875,452.6499938964844,437.0199890136719,437.3900146484375,24444500
1734566400,441.6199951171875,443.17999267578125,436.32000732421875,437.0299987792969,22963700
1734652800,433.1099853515625,443.739990234375,428.6300048828125,436.6000061035156,64263700
1734912000,436.739990234375,437.6499938964844,432.8299865722656,435.25,19152500
1734998400,434.6499938964844,439.6000061035156,434.19000244140625,439.3299865722656,7164500
1735171200,439.0799865722656,440.94000244140625,436.6300048828125,438.1099853515625,8194200
1735257600,434.6000061035156,435.2200012207031,426.3500061035156,430.5299987792969,18117700
1735516800,426.05999755859375,427.54998779296875,421.8999938964844,424.8299865722656,13158700
1735603200,426.1000061035156,426.7300109863281,420.6600036621094,421.5,13246500
1735776000,425.5299987792969,426.07000732421875,414.8500061035156,418.5799865722656,16896500
1735862400,421.0799865722656,424.0299987792969,419.5400085449219,423.3500061035156,16662900
1736121600,428.0,434.32000732421875,425.4800109863281,427.8500061035156,20573600
1736208000,429.0,430.6499938964844,420.79998779296875,422.3699951171875,18139100
1736294400,423.4599914550781,426.9700012207031,421.5400085449219,424.55999755859375,15054600
1736467200,424.6300048828125,424.7099914550781,415.0199890136719,418.95001220703125,20201100
1736726400,415.239990234375,418.5,412.2900085449219,417.19000244140625,17604800
1736812800,417.80999755859375,419.739990234375,410.7200012207031,415.6700134277344,16935900
1736899200,419.1300048828125,428.1499938964844,418.2699890136719,426.30999755859375,19637800
1736985600,428.70001220703125,429.489990234375,424.3900146484375,424.5799865722656,15300000
1737072000,434.0899963378906,434.4800109863281,428.1700134277344,429.0299987792969,26197500
1737417600,430.20001220703125,430.8999938964844,425.6000061035156,428.5,26085700
1737504000,437.55999755859375,447.2699890136719,436.0,446.20001220703125,27803800
1737590400,442.0,446.75,441.5,446.7099914550781,18389300
1737676800,445.1600036621094,446.6499938964844,441.3999938964844,444.05999755859375,15549500
1737936000,424.010009765625,435.20001220703125,423.5,434.55999755859375,35647800
1738022400,434.6000061035156,448.3800048828125,431.3800048828125,447.20001220703125,23491700
1738108800,446.69000244140625,446.8800048828125,440.3999938964844,442.3299865722656,23581400
1738195200,418.7699890136719,422.8599853515625,413.1600036621094,414.989990234375,54586300
1738281600,418.9800109863281,420.69000244140625,414.9100036621094,415.05999755859375,34161900
1738540800,411.6000061035156,415.4100036621094,408.6600036621094,410.9200134277344,25679100
1738627200,412.69000244140625,413.9200134277344,409.739990234375,412.3699951171875,20532100
1738713600,412.3500061035156,413.8299865722656,410.3999938964844,413.2900085449219,16316700
1738800000,414.0,418.20001220703125,414.0,415.82000732421875,16309800
1738886400,416.4800109863281,418.6499938964844,408.1000061035156,409.75,22886800
1739145600,413.7099914550781,415.4599914550781,410.9200134277344,412.2200012207031,20817900
1739232000,409.6400146484375,412.489990234375,409.29998779296875,411.44000244140625,18140600
1739318400,407.2099914550781,410.75,404.3699951171875,409.0400085449219,19121700
1739404800,407.0,411.0,406.3599853515625,410.5400085449219,23891700
1739491200,407.7900085449219,408.9100036621094,405.8800048828125,408.42999267578125,22758500
1739836800,408.0,410.6000061035156,406.5,409.6400146484375,21423100
1739923200,407.8800048828125,415.489990234375,407.6499938964844,414.7699890136719,24114200
1740009600,415.2900085449219,419.30999755859375,412.5400085449219,416.1300048828125,23508700
1740096000,417.3399963378906,418.04998779296875,407.8900146484375,408.2099914550781,27524800
1740355200,408.510009765625,409.3699951171875,399.32000732421875,404.0,26443700
1740441600,401.1000061035156,401.9200134277344,396.70001220703125,397.8999938964844,29387400
1740528000,398.010009765625,403.6000061035156,394.25,399.7300109863281,19619000
1740614400,401.2699890136719,405.739990234375,392.1700134277344,392.5299987792969,21127400
1740700800,392.6600036621094,397.6300048828125,386.57000732421875,396.989990234375,32845700
1740960000,398.82000732421875,398.82000732421875,386.1600036621094,388.489990234375,23007700
1741046400,383.3999938964844,392.5799865722656,381.0,388.6099853515625,29342900
1741132800,389.3399963378906,401.6700134277344,388.80999755859375,401.0199890136719,23433100
1741219200,394.2799987792969,402.1499938964844,392.67999267578125,396.8900146484375,23304600
1741305600,392.32000732421875,394.79998779296875,385.5400085449219,393.30999755859375,22034100
1741564800,385.8399963378906,386.3999938964844,377.2200012207031,380.1600036621094,32840100
1741651200,379.0,386.0,376.9100036621094,380.45001220703125,30380200
1741737600,382.95001220703125,385.2200012207031,378.95001220703125,383.2699890136719,24253600
1741824000,383.1600036621094,385.32000732421875,377.45001220703125,378.7699890136719,20473000
1741910400,379.7799987792969,390.2300109863281,379.510009765625,388.55999755859375,19952800
1742169600,386.70001220703125,392.7099914550781,385.57000732421875,388.70001220703125,22474300
1742256000,387.07000732421875,387.3699951171875,381.1000061035156,383.5199890136719,19486900
1742342400,385.5299987792969,389.67999267578125,384.0,387.82000732421875,19185500
1742428800,385.739990234375,391.7900085449219,383.2799987792969,386.8399963378906,18470500
1742515200,383.2200012207031,391.739990234375,382.79998779296875,391.260009765625,39675900
1742774400,395.3999938964844,395.3999938964844,389.80999755859375,393.0799865722656,21004500
1742860800,393.9200134277344,396.3599853515625,392.6400146484375,395.1600036621094,15775000
1742947200,395.0,395.30999755859375,388.57000732421875,389.9700012207031,16108400
1743033600,390.1300048828125,392.239990234375,387.3999938964844,390.5799865722656,13766800
1743120000,388.0799865722656,389.1300048828125,376.92999267578125,378.79998779296875,21632000
1743379200,372.5400085449219,377.07000732421875,367.239990234375,375.3900146484375,35184700
1743465600,374.6499938964844,382.8500061035156,373.2300109863281,382.19000244140625,19689500
1743552000,377.9700012207031,385.0799865722656,376.6199951171875,382.1400146484375,16092600
1743638400,374.7900085449219,377.4800109863281,369.3500061035156,373.1099853515625,30198000
1743724800,364.1300048828125,374.5899963378906,359.4800109863281,359.8399963378906,49209900
1743984000,350.8800048828125,371.0,344.7900085449219,357.8599853515625,50425000
1744070400,368.260009765625,373.6499938964844,350.25,354.55999755859375,35868900
1744156800,353.5400085449219,393.2300109863281,353.1000061035156,390.489990234375,50199700
1744243200,382.05999755859375,383.8999938964844,367.79998779296875,381.3500061035156,38024400
1744329600,380.6400146484375,390.04998779296875,378.8900146484375,388.45001220703125,23839200
1744588800,393.2200012207031,394.6499938964844,384.2099914550781,387.80999755859375,19251200
1744675200,388.510009765625,391.8900146484375,384.1600036621094,385.7300109863281,17199900
1744761600,380.6700134277344,381.6099853515625,368.0,371.6099853515625,21967800
1744848000,373.75,374.32000732421875,366.8900146484375,367.7799987792969,21120200
1745193600,362.82000732421875,364.4800109863281,355.6700134277344,359.1199951171875,20807300
1745280000,363.3800048828125,367.7699890136719,359.8599853515625,366.82000732421875,19485000
1745366400,376.05999755859375,380.3900146484375,373.0199890136719,374.3900146484375,20545500
1745452800,375.70001220703125,388.45001220703125,375.19000244140625,387.29998779296875,22232300
1745539200,387.0,392.1600036621094,384.6000061035156,391.8500061035156,18973200
1745798400,391.9599914550781,392.739990234375,386.6400146484375,391.1600036621094,16579400
1745884800,391.29998779296875,395.1000061035156,390.3800048828125,394.0400085449219,14974000
1745971200,390.29998779296875,396.6600036621094,384.44000244140625,395.260009765625,36461100
1746057600,431.1099853515625,436.989990234375,424.8999938964844,425.3999938964844,58938100
1746144000,431.739990234375,439.44000244140625,429.989990234375,435.2799987792969,30757400
1746403200,432.8699951171875,439.5,432.1099853515625,436.1700134277344,20136100
1746489600,432.20001220703125,437.7300109863281,431.1700134277344,433.30999755859375,15104200
1746576000,433.8399963378906,438.1199951171875,431.1099853515625,433.3500061035156,23295300
1746662400,437.92999267578125,443.6700134277344,435.6600036621094,438.1700134277344,23491300
1746748800,440.0,440.739990234375,435.8800048828125,438.7300109863281,15324200
1747008000,445.94000244140625,449.3699951171875,439.7799987792969,449.260009765625,22821900
1747094400,447.7799987792969,450.6700134277344,445.3599853515625,449.1400146484375,23618800
1747180800,448.1400146484375,453.8999938964844,448.1400146484375,452.94000244140625,19902800
1747267200,450.7699890136719,456.19000244140625,450.42999267578125,453.1300048828125,21992300
1747353600,452.04998779296875,454.3599853515625,448.7300109863281,454.2699890136719,23849800
1747612800,450.8800048828125,459.5899963378906,450.79998779296875,458.8699951171875,21336500
1747699200,455.5899963378906,458.3399963378906,454.32000732421875,458.1700134277344,15441800
1747785600,454.57000732421875,457.7799987792969,451.80999755859375,452.57000732421875,19216900
1747872000,454.95001220703125,460.25,453.8999938964844,454.8599853515625,18025600
1747958400,449.9800109863281,453.69000244140625,448.9100036621094,450.17999267578125,16883500
1748304000,456.4800109863281,460.95001220703125,456.1199951171875,460.69000244140625,20974300
1748390400,461.2200012207031,462.5199890136719,456.92999267578125,457.3599853515625,17086300
1748476800,461.54998779296875,461.7200012207031,455.30999755859375,458.67999267578125,13974800
1748563200,459.7200012207031,461.67999267578125,455.5400085449219,460.3599853515625,34770500
1748822400,457.1400146484375,462.1099853515625,456.8900146484375,461.9700012207031,16626500
1748908800,461.4700012207031,464.1400146484375,460.8599853515625,462.9700012207031,15743800
1748995200,464.0,465.69000244140625,463.0199890136719,463.8699951171875,14162700
1749081600,464.9599914550781,469.6499938964844,464.0299987792969,467.67999267578125,20131700
1749168000,470.0899963378906,473.3399963378906,468.7799987792969,470.3800048828125,15285600
1749427200,469.70001220703125,473.42999267578125,468.6199951171875,472.75,16469900
1749513600,471.19000244140625,472.79998779296875,466.9599914550781,470.9200134277344,15375900
1749600000,470.0199890136719,475.4700012207031,469.6600036621094,472.6199951171875,16399200
1749686400,475.0199890136719,480.4200134277344,473.5199890136719,478.8699951171875,18950600
1749772800,476.4100036621094,479.17999267578125,472.760009765625,474.9599914550781,16814500
1750032000,475.2099914550781,480.69000244140625,475.0,479.1400146484375,15626100
1750118400,475.3999938964844,478.739990234375,474.0799865722656,478.0400085449219,15414100
1750204800,478.0,481.0,474.4599914550781,480.239990234375,17526500
1750377600,482.2300109863281,483.4599914550781,476.8699951171875,477.3999938964844,37576200
1750636800,478.2099914550781,487.75,472.510009765625,486.0,24864000
1750723200,488.95001220703125,491.8500061035156,486.79998779296875,490.1099853515625,22305600
1750809600,492.0400085449219,494.55999755859375,489.3900146484375,492.2699890136719,17495100
1750896000,492.9800109863281,498.0400085449219,492.80999755859375,497.45001220703125,21578900
1750982400,497.54998779296875,499.29998779296875,493.0299987792969,495.94000244140625,34539200
1751241600,497.0400085449219,500.760009765625,495.3299865722656,497.4100036621094,28369000
1751328000,496.4700012207031,498.04998779296875,490.9800109863281,492.04998779296875,19945400
1751414400,489.989990234375,493.5,488.70001220703125,491.0899963378906,16319600
1751500800,493.80999755859375,500.1300048828125,493.44000244140625,498.8399963378906,13984800
1751846400,497.3800048828125,498.75,495.2300109863281,497.7200012207031,13981600
1751932800,497.239990234375,498.20001220703125,494.1099853515625,496.6199951171875,11846600
1752019200,500.29998779296875,506.7799987792969,499.739990234375,503.510009765625,18659500
1752105600,503.04998779296875,504.44000244140625,497.75,501.4800109863281,16492100
1752192000,498.4700012207031,505.0299987792969,497.79998779296875,503.32000732421875,16459500
1752451200,501.5199890136719,503.9700012207031,501.0299987792969,503.0199890136719,12058800
1752537600,503.0199890136719,508.29998779296875,502.7900085449219,505.82000732421875,14927200
1752624000,505.17999267578125,506.7200012207031,501.8900146484375,505.6199951171875,15154400
1752710400,505.67999267578125,513.3699951171875,505.6199951171875,511.70001220703125,17503100
1752796800,514.47998046875,514.6400146484375,507.42999267578125,510.04998779296875,21209700
1753056000,506.7099914550781,512.0900268554688,505.54998779296875,510.05999755859375,14066800
1753142400,510.9700012207031,511.20001220703125,505.2699890136719,505.2699890136719,13868600
1753228800,506.75,506.7900085449219,500.70001220703125,505.8699951171875,16396600
1753315200,508.7699890136719,513.6699829101562,507.29998779296875,510.8800048828125,16107000
1753401600,512.469970703125,518.2899780273438,510.3599853515625,513.7100219726562,19125700
1753660800,514.0800170898438,515.0,510.1199951171875,512.5,14308000
1753747200,515.530029296875,517.6199951171875,511.55999755859375,512.5700073242188,16469200
1753833600,515.1699829101562,515.9500122070312,509.44000244140625,513.239990234375,26380400
1753920000,555.22998046875,555.4500122070312,531.9000244140625,533.5,51617300
1754006400,535.0,535.7999877929688,520.8599853515625,524.1099853515625,28977600
1754265600,528.27001953125,538.25,528.1300048828125,535.6400146484375,25349000
1754352000,537.1799926757812,537.2999877929688,527.239990234375,527.75,19171600
1754438400,530.9000244140625,531.7000122070312,524.030029296875,524.9400024414062,21355700
1754524800,526.7999877929688,528.0900268554688,517.5499877929688,520.8400268554688,16079100
1754611200,522.5999755859375,524.6599731445312,519.4099731445312,522.0399780273438,15531000
1754870400,522.2999877929688,527.5900268554688,519.719970703125,521.77001953125,20194400
1754956800,523.75,530.97998046875,522.7000122070312,529.239990234375,18667000
1755043200,532.1099853515625,532.7000122070312,519.3699951171875,520.5800170898438,19619200
1755129600,522.5599975585938,525.9500122070312,520.1400146484375,522.47998046875,20269100
1755216000,522.77001953125,526.0999755859375,519.0800170898438,520.1699829101562,25213300
1755475200,521.5900268554688,522.8200073242188,514.02001953125,517.0999755859375,23760600
1755561600,515.0,515.1599731445312,508.54998779296875,509.7699890136719,21481000
1755648000,509.8699951171875,511.0,504.44000244140625,505.7200012207031,27723000
1755734400,503.69000244140625,507.6300048828125,502.7200012207031,504.239990234375,18443300
1755820800,504.25,510.7300109863281,502.4100036621094,507.2300109863281,24324200
1756080000,506.6300048828125,508.19000244140625,504.1199951171875,504.260009765625,21638600
1756166400,504.3599853515625,504.9800109863281,498.510009765625,502.0400085449219,30835700
1756252800,502.0,507.2900085449219,499.8999938964844,506.739990234375,17277900
1756339200,507.0899963378906,511.0899963378906,505.5,509.6400146484375,18015600
1756425600,508.6600036621094,509.6000061035156,504.489990234375,506.69000244140625,20961600
1756771200,500.4700012207031,506.0,496.80999755859375,505.1199951171875,18128000
1756857600,503.7900085449219,507.7900085449219,502.32000732421875,505.3500061035156,16345100
1756944000,504.29998779296875,508.1499938964844,503.1499938964844,507.9700012207031,15509500
1757030400,509.07000732421875,511.9700012207031,492.3699951171875,495.0,31994800
1757289600,498.1099853515625,501.20001220703125,495.0299987792969,498.20001220703125,16771000
1757376000,501.42999267578125,502.25,497.70001220703125,498.4100036621094,14410500
1757462400,502.9800109863281,503.2300109863281,496.7200012207031,500.3699951171875,21611800
1757548800,502.25,503.1700134277344,497.8800048828125,501.010009765625,18881600
1757635200,506.6499938964844,512.5499877929688,503.8500061035156,509.8999938964844,23624900
1757894400,508.7900085449219,515.469970703125,507.0,515.3599853515625,17143800
1757980800,516.8800048828125,517.22998046875,508.6000061035156,509.0400085449219,19711900
1758067200,510.6199951171875,511.2900085449219,505.92999267578125,510.0199890136719,15816600
1758153600,511.489990234375,513.0700073242188,507.6600036621094,508.45001220703125,18913700
1758240000,510.55999755859375,519.2999877929688,510.30999755859375,517.9299926757812,52474100
1758499200,515.5900268554688,517.739990234375,512.5399780273438,514.4500122070312,20009300
1758585600,513.7999877929688,514.5900268554688,507.30999755859375,509.2300109863281,19799600
1758672000,510.3800048828125,512.47998046875,506.9200134277344,510.1499938964844,13533700
1758758400,508.29998779296875,510.010009765625,505.0400085449219,507.0299987792969,15786500
1758844800,510.05999755859375,513.9400024414062,506.6199951171875,511.4599914550781,16213100
1759104000,511.5,516.8499755859375,508.8800048828125,514.5999755859375,17617800
1759190400,513.239990234375,518.1599731445312,509.6600036621094,517.9500122070312,19728200
1759276800,514.7999877929688,520.510009765625,511.69000244140625,519.7100219726562,22632300
1759363200,517.6400146484375,521.5999755859375,510.67999267578125,515.739990234375,21222900
1759449600,517.0999755859375,520.489990234375,515.0,517.3499755859375,15112300
1759708800,518.6099853515625,531.030029296875,518.2000122070312,528.5700073242188,21388600
1759795200,528.2899780273438,529.7999877929688,521.4400024414062,523.97998046875,14615200
1759881600,523.280029296875,526.9500122070312,523.0900268554688,524.8499755859375,13363400
1759968000,522.3400268554688,524.3300170898438,517.4000244140625,522.4000244140625,18343600
1760054400,519.6400146484375,523.5800170898438,509.6300048828125,510.9599914550781,24133800
1760313600,516.4099731445312,516.4099731445312,511.67999267578125,514.0499877929688,14284200
1760400000,510.2300109863281,515.280029296875,506.0,513.5700073242188,14684300
1760486400,514.9600219726562,517.1900024414062,510.0,513.4299926757812,14694700
1760572800,512.5800170898438,516.8499755859375,508.1300048828125,511.6099853515625,15559600
1760659200,509.0400085449219,515.47998046875,507.30999755859375,513.5800170898438,19867800
1760918400,514.6099853515625,518.7000122070312,513.4299926757812,516.7899780273438,14665600
1761004800,517.5,518.6900024414062,513.0399780273438,517.6599731445312,15586200
1761091200,521.1500244140625,525.22998046875,517.7100219726562,520.5399780273438,18962700
1761177600,522.4600219726562,523.9500122070312,518.6099853515625,520.5599975585938,14023500
1761264000,522.7899780273438,525.3499755859375,520.7100219726562,523.6099853515625,15532400
1761523200,531.780029296875,534.5800170898438,529.010009765625,531.52001953125,18734700
1761609600,550.0,553.719970703125,540.77001953125,542.0700073242188,29986700
1761696000,544.9400024414062,546.27001953125,536.72998046875,541.5499877929688,36023000
1761782400,530.47998046875,534.969970703125,522.1199951171875,525.760009765625,41023100
1761868800,528.8800048828125,529.3200073242188,515.0999755859375,517.8099975585938,34006400
1762128000,519.8099975585938,524.9600219726562,514.5900268554688,517.030029296875,22374700
1762214400,511.760009765625,515.5499877929688,507.8399963378906,514.3300170898438,20958700
1762300800,513.2999877929688,514.8300170898438,506.5799865722656,507.1600036621094,23024300
1762387200,505.6600036621094,505.70001220703125,495.80999755859375,497.1000061035156,27406500
1762473600,496.95001220703125,499.3800048828125,493.25,496.82000732421875,24019800
1762732800,500.0400085449219,506.8500061035156,498.79998779296875,506.0,26101500
1762819200,504.79998779296875,509.6000061035156,502.3500061035156,508.67999267578125,17980000
1762905600,509.3599853515625,511.6700134277344,499.1199951171875,511.1400146484375,26574900
1762992000,510.30999755859375,513.5,501.2900085449219,503.2900085449219,25273100
1763078400,498.2300109863281,511.6000061035156,497.44000244140625,510.17999267578125,28505700
1763337600,508.45001220703125,512.1199951171875,504.9100036621094,507.489990234375,19092800
1763424000,495.3699951171875,502.9800109863281,486.7799987792969,493.7900085449219,33815100
1763510400,490.1000061035156,495.19000244140625,482.8299865722656,487.1199951171875,23245300
1763596800,492.7099914550781,493.57000732421875,475.5,478.42999267578125,26802500
1763683200,478.5,478.9200134277344,468.2699890136719,472.1199951171875,31769200
1763942400,475.0,476.8999938964844,468.0199890136719,474.0,34421000
1764028800,474.07000732421875,479.1499938964844,464.8900146484375,476.989990234375,28019800
1764115200,486.30999755859375,488.30999755859375,481.20001220703125,485.5,25709100
1764288000,487.6000061035156,492.6300048828125,486.6499938964844,492.010009765625,14386700
1764547200,488.44000244140625,489.8599853515625,484.6499938964844,486.739990234375,23964000
1764633600,486.7200012207031,493.5,486.32000732421875,490.0,19562700
1764720000,476.32000732421875,484.239990234375,475.20001220703125,477.7300109863281,34615100
1764806400,479.760009765625,481.32000732421875,476.489990234375,480.8399963378906,22318200
1764892800,482.5199890136719,483.3999938964844,478.8800048828125,483.1600036621094,22608700
1765152000,484.8900146484375,492.29998779296875,484.3800048828125,491.0199890136719,21965900
1765238400,489.1000061035156,492.1199951171875,488.5,492.0199890136719,14696100
1765324800,484.0299987792969,484.25,475.0799865722656,478.55999755859375,35756200
1765411200,476.6300048828125,486.0299987792969,475.8599853515625,483.4700012207031,24669200
1765497600,479.82000732421875,482.45001220703125,476.3399963378906,478.5299987792969,21248100
1765756800,480.1000061035156,480.7200012207031,472.5199890136719,474.82000732421875,23727700
1765843200,471.9100036621094,477.8900146484375,470.8800048828125,476.3900146484375,20705600
1765929600,476.9100036621094,480.0,475.0,476.1199951171875,24527200
1766016000,478.19000244140625,489.6000061035156,477.8900146484375,483.9800109863281,28573500
1766102400,487.3599853515625,487.8500061035156,482.489990234375,485.9200134277344,70836100
1766361600,486.1199951171875,488.7300109863281,482.69000244140625,484.9200134277344,16963000
1766448000,484.9800109863281,487.8299865722656,484.739990234375,486.8500061035156,14683600
1766534400,485.67999267578125,489.1600036621094,484.8299865722656,488.0199890136719,5855900
1766707200,486.7099914550781,488.1199951171875,485.9599914550781,487.7099914550781,8842200
1766966400,484.8599853515625,488.3500061035156,484.17999267578125,487.1000061035156,10893400
1767052800,485.92999267578125,489.67999267578125,485.5,487.4800109863281,13944500
1767139200,487.8399963378906,488.1400146484375,483.29998779296875,483.6199951171875,15601600
1767312000,484.3900146484375,484.6600036621094,470.1600036621094,472.94000244140625,25571600
1767571200,474.05999755859375,476.07000732421875,469.5,472.8500061035156,25250300
1767657600,473.79998779296875,478.739990234375,469.75,478.510009765625,23037700
1767744000,479.760009765625,489.70001220703125,477.95001220703125,483.4700012207031,25564200
1767830400,481.239990234375,482.6600036621094,475.8599853515625,478.1099853515625,18162600
1767916800,474.05999755859375,479.82000732421875,472.20001220703125,479.2799987792969,18491000
1768176000,476.6700134277344,480.989990234375,475.67999267578125,477.17999267578125,23519900
1768262400,474.67999267578125,475.7799987792969,465.95001220703125,470.6700134277344,28545800
1768348800,466.4599914550781,468.20001220703125,457.1700134277344,459.3800048828125,28184300
1768435200,464.1199951171875,464.25,455.8999938964844,456.6600036621094,23225800
1768521600,457.8299865722656,463.19000244140625,456.4800109863281,459.8599853515625,34246700
1768867200,451.2200012207031,456.79998779296875,449.2799987792969,454.5199890136719,26130000
1768953600,452.6000061035156,452.69000244140625,438.67999267578125,444.1099853515625,37980500
1769040000,447.6199951171875,452.8399963378906,444.70001220703125,451.1400146484375,25349400
1769126400,451.8699951171875,471.1000061035156,450.5299987792969,465.95001220703125,38000200
1769385600,465.30999755859375,474.25,462.0,470.2799987792969,29291200
1769472000,473.70001220703125,482.8699951171875,473.1600036621094,480.5799865722656,29213900
1769558400,483.2099914550781,483.739990234375,478.0,481.6300048828125,36875400
1769644800,439.989990234375,442.5,421.0199890136719,433.5,128855300
1769731200,439.1700134277344,439.6000061035156,426.45001220703125,430.2900085449219,58566800
1769990400,430.239990234375,430.739990234375,422.25,423.3699951171875,42219900
1770076800,422.010009765625,422.04998779296875,408.55999755859375,411.2099914550781,61424100
1770163200,411.0,419.79998779296875,409.239990234375,414.19000244140625,45012400
1770249600,407.44000244140625,408.29998779296875,392.32000732421875,393.6700134277344,66289200
1770336000,399.1700134277344,401.7900085449219,392.9200134277344,401.1400146484375,53515300
1770595200,404.8500061035156,414.8900146484375,400.8699951171875,413.6000061035156,45480500
1770681600,419.6199951171875,423.67999267578125,412.70001220703125,413.2699890136719,44857900
1770768000,416.17999267578125,416.4599914550781,401.010009765625,404.3699951171875,42491000
1770854400,405.0,406.20001220703125,398.010009765625,401.8399963378906,40802400
1770940800,404.45001220703125,405.5400085449219,398.04998779296875,401.32000732421875,34091600
1771286400,399.2200012207031,400.5199890136719,394.5299987792969,396.8599853515625,32078800
1771372800,398.1300048828125,402.55999755859375,396.32000732421875,399.6000061035156,23223400
1771459200,400.69000244140625,404.42999267578125,396.6700134277344,398.4599914550781,28234000
1771545600,396.1099853515625,400.1199951171875,395.1600036621094,397.2300109863281,34015200
1771804800,395.0,395.3599853515625,383.1000061035156,384.4700012207031,43238300
1771891200,384.1400146484375,389.3599853515625,381.7099914550781,389.0,33884700
1771977600,390.5299987792969,401.4700012207031,390.1600036621094,400.6000061035156,43625500
1772064000,404.7099914550781,407.489990234375,398.739990234375,401.7200012207031,34405900
1772150400,390.8800048828125,396.82000732421875,389.8800048828125,392.739990234375,51367200
1772409600,392.8599853515625,401.19000244140625,390.6300048828125,398.54998779296875,35474900
1772496000,393.1400146484375,406.70001220703125,392.6700134277344,403.92999267578125,38199200
1772582400,401.2699890136719,411.0299987792969,400.30999755859375,405.20001220703125,35808000
1772668800,404.4200134277344,411.6099853515625,404.3999938964844,410.67999267578125,39001300
1772755200,409.20001220703125,413.04998779296875,408.510009765625,408.9599914550781,31123900
1773014400,404.9200134277344,410.2099914550781,403.5,409.4100036621094,30131900
1773100800,410.0299987792969,410.20001220703125,402.92999267578125,405.760009765625,31706400
1773187200,405.57000732421875,409.010009765625,401.5899963378906,404.8800048828125,25512100
1773273600,404.6300048828125,406.1199951171875,401.7099914550781,401.8599853515625,27263900
1773360000,401.0,404.79998779296875,394.25,395.54998779296875,26848000
1773619200,398.07000732421875,400.6300048828125,394.7900085449219,399.95001220703125,27733700
1773705600,400.2699890136719,404.3999938964844,397.75,399.4100036621094,26228300
1773792000,397.1300048828125,398.0,391.0,391.7900085449219,25908500
1773878400,390.1000061035156,392.489990234375,387.05999755859375,389.0199890136719,25138800
1773964800,386.7900085449219,387.0,380.1199951171875,381.8699951171875,50853200
1774224000,383.8999938964844,387.2099914550781,381.67999267578125,383.0,29680100
1774310400,382.3599853515625,382.4700012207031,371.8500061035156,372.739990234375,42733600
1774396800,376.9200134277344,377.05999755859375,369.6300048828125,371.0400085449219,31181200
1774483200,370.82000732421875,374.7200012207031,365.19000244140625,365.9700012207031,36836600
1774569600,361.8999938964844,362.45001220703125,356.510009765625,356.7699890136719,37883400
1774828800,361.8999938964844,365.3599853515625,356.2799987792969,358.9599914550781,44797000
1774915200,364.54998779296875,372.8999938964844,363.07000732421875,370.1700134277344,45244400
1775001600,373.489990234375,373.989990234375,368.20001220703125,369.3699951171875,29417200
1775088000,367.2099914550781,373.6400146484375,364.1499938964844,373.4599914550781,24099100
1775433600,373.489990234375,373.7300109863281,369.5,372.8800048828125,16146600
1775520000,370.3399963378906,372.45001220703125,366.55999755859375,372.2900085449219,21443300
1775606400,384.9800109863281,385.0,371.4100036621094,374.3299865722656,33064800
1775692800,372.5,373.5,367.04998779296875,373.07000732421875,30435300
1775779200,372.9800109863281,375.6400146484375,370.0299987792969,370.8699951171875,28111100
1776038400,373.6099853515625,384.5400085449219,371.0199890136719,384.3699951171875,35745800
1776124800,387.9200134277344,394.69000244140625,386.5199890136719,393.1099853515625,37504500
1776211200,398.0,414.3699951171875,396.7300109863281,411.2200012207031,45063400
1776297600,419.8599853515625,420.82000732421875,412.1400146484375,420.260009765625,41642400
1776384000,424.82000732421875,431.5799865722656,420.69000244140625,422.7900085449219,48568200
1776643200,421.1499938964844,423.3299865722656,416.29998779296875,418.07000732421875,27582200
1776729600,420.239990234375,427.17999267578125,417.20001220703125,424.1600036621094,32048500
1776816000,426.19000244140625,433.70001220703125,423.6700134277344,432.9200134277344,29378200
1776902400,419.8900146484375,423.6600036621094,411.4100036621094,415.75,38308000
1776988800,416.9700012207031,424.95001220703125,415.79998779296875,424.6199951171875,27457400
1777248000,422.3800048828125,427.1099853515625,417.07000732421875,424.82000732421875,30867300
1777334400,424.57000732421875,429.9200134277344,421.8999938964844,429.25,30438100
1777420800,424.5799865722656,426.82000732421875,420.2900085449219,424.4599914550781,38288300
1777507200,410.80999755859375,414.4200134277344,398.010009765625,407.7799987792969,70909400
1777593600,412.79998779296875,417.1099853515625,410.44000244140625,414.44000244140625,31372400
1777852800,411.5400085449219,420.7799987792969,410.79998779296875,413.6199951171875,28066500
1777939200,415.32000732421875,416.7799987792969,408.79998779296875,411.3800048828125,25700900
1778025600,408.0,418.4200134277344,405.1099853515625,413.9599914550781,30285900
1778112000,420.1099853515625,427.9800109863281,418.760009765625,420.7699890136719,34942400
1778198400,417.3900146484375,418.6300048828125,414.0,415.1199951171875,33383800
1778457600,407.8699951171875,412.69000244140625,405.5,412.6600036621094,35657900
1778544000,414.4800109863281,415.5,406.6400146484375,407.7699890136719,38594200
1778630400,403.20001220703125,406.30999755859375,401.0299987792969,405.2099914550781,29667100
1778716800,404.4800109863281,411.8399963378906,400.8800048828125,409.42999267578125,27077500
1778803200,414.2699890136719,428.1700134277344,412.9100036621094,421.9200134277344,50771200
1779062400,416.6199951171875,425.1199951171875,415.6099853515625,423.5400085449219,32564100
1779148800,429.8999938964844,432.70001220703125,416.489990234375,417.4200134277344,33018700
1779235200,414.1700134277344,422.1000061035156,411.29998779296875,421.05999755859375,27864000
1779321600,424.75,426.3399963378906,415.7099914550781,419.0899963378906,31393500
1779408000,419.5400085449219,424.3999938964844,416.3299865722656,418.57000732421875,22390300
1779753600,416.42999267578125,419.7699890136719,413.0199890136719,416.0299987792969,30398000
1779840000,411.010009765625,415.94000244140625,409.5799865722656,412.6700134277344,28901500
1779926400,412.9800109863281,429.489990234375,412.6700134277344,426.989990234375,47250500
1780012800,432.54998779296875,450.3299865722656,432.3599853515625,450.239990234375,79654400
1780272000,464.8399963378906,466.32000732421875,458.2699890136719,460.5199890136719,53628900
1780358400,446.8800048828125,453.5,440.42999267578125,441.30999755859375,37036800
1780444800,438.45001220703125,440.3900146484375,424.25,427.3399963378906,39037000
1780531200,435.80999755859375,436.1499938964844,426.4100036621094,428.04998779296875,26899500
1780617600,428.3399963378906,429.4700012207031,414.3999938964844,416.6700134277344,34782200
1780876800,414.1400146484375,417.1600036621094,408.55999755859375,411.739990234375,32086700
1780963200,409.0299987792969,411.9800109863281,398.4800109863281,403.4100036621094,35317300
1781049600,398.54998779296875,405.0400085449219,397.1600036621094,397.3599853515625,32576000
1781136000,395.2099914550781,396.8500061035156,384.0,390.3399963378906,47224100
1781222400,391.42999267578125,391.739990234375,382.2699890136719,390.739990234375,34865800
1781481600,396.79998779296875,401.75,392.8500061035156,399.760009765625,32266400
1781568000,395.7900085449219,396.8399963378906,390.69000244140625,393.8299865722656,31506800
1781654400,390.25,390.3699951171875,377.32000732421875,378.9100036621094,41987800
1781740800,377.82000732421875,381.3699951171875,373.2799987792969,379.3999938964844,59714200
1782086400,375.739990234375,381.6300048828125,367.07000732421875,367.3399963378906,45171100
1782172800,372.3800048828125,377.2200012207031,370.6700134277344,373.94000244140625,40647600
1782259200,371.57000732421875,378.8800048828125,364.7799987792969,365.4599914550781,44509900
1782345600,362.7699890136719,364.2300109863281,349.20001220703125,352.8299865722656,66179000
1782432000,357.1499938964844,376.6099853515625,355.42999267578125,372.9700012207031,186201600
1782691200,377.5,380.5,359.8999938964844,368.57000732421875,51229900
1782777600,371.0299987792969,374.1499938964844,367.45001220703125,373.0199890136719,44945700
1782864000,380.8299865722656,388.8299865722656,374.8900146484375,384.2799987792969,48065800
1782950400,384.4800109863281,392.20001220703125,383.70001220703125,390.489990234375,42128900
1783296000,387.0400085449219,389.1499938964844,381.2200012207031,386.739990234375,34224500
1783382400,392.489990234375,395.57000732421875,388.2200012207031,388.8399963378906,29297500
1783468800,384.0299987792969,385.30999755859375,381.3299865722656,383.3399963378906,25908300
1783555200,374.45001220703125,384.6499938964844,373.3500061035156,384.3599853515625,31083200
1783641600,387.79998779296875,391.9100036621094,381.5,385.1000061035156,24644600
1783900800,387.75,393.6499938964844,384.1499938964844,390.989990234375,28914900
1783987200,382.82000732421875,388.19000244140625,378.6499938964844,384.92999267578125,27863900
1784073600,387.79998779296875,398.9599914550781,386.3999938964844,395.6300048828125,36253700
1784160000,398.30999755859375,405.989990234375,392.04998779296875,401.1000061035156,37047400
1784246400,394.8599853515625,398.3900146484375,389.3900146484375,393.82000732421875,33049800
1784505600,391.4100036621094,403.17999267578125,389.6499938964844,402.2900085449219,27915800
1784592000,398.80999755859375,401.4700012207031,396.32000732421875,397.75,24126600
1784678400,399.5799865722656,401.0,386.9599914550781,390.3399963378906,28142500
1784764800,389.9700012207031,391.7799987792969,377.3900146484375,381.5799865722656,30351800
1784851200,387.04998779296875,389.0299987792969,380.6499938964844,381.70001220703125,27659400
1785110400,390.0799865722656,394.20001220703125,387.989990234375,389.1000061035156,27856200
1785196800,393.1600036621094,400.32000732421875,391.29998779296875,393.3500061035156,32367500
1785283200,393.3999938964844,401.25,388.739990234375,390.5400085449219,47209000
1785369600,437.8999938964844,458.69000244140625,432.44000244140625,451.1000061035156,110160700
1785456000,450.0,466.8399963378906,449.3299865722656,464.7200012207031,60846000
1785715200,476.1300048828125,491.6499938964844,475.0,487.6499938964844,66762100
1785801600,480.8999938964844,499.44000244140625,479.1700134277344,492.80999755859375,50455500
1785888000,496.3599853515625,498.239990234375,485.67999267578125,487.4599914550781,33388900
1785974400,488.54998779296875,501.55999755859375,488.5199890136719,499.8599853515625,36441500
1786060800,499.2099914550781,505.17999267578125,498.7300109863281,499.989990234375,28846200
1786320000,503.44000244140625,513.72998046875,502.2699890136719,506.05999755859375,31206100
1786406400,504.3299865722656,505.3299865722656,499.54998779296875,503.80999755859375,23049800
1786492800,499.989990234375,501.5,491.5199890136719,492.42999267578125,29001500
1786579200,493.2699890136719,501.3399963378906,493.010009765625,496.8800048828125,23039000
1786665600,496.3599853515625,500.010009765625,493.9200134277344,495.3999938964844,16217600
1786924800,490.1400146484375,492.6600036621094,478.4100036621094,480.3500061035156,29635800
1787011200,481.5400085449219,484.2699890136719,477.1499938964844,481.6300048828125,24087600
1787097600,480.07000732421875,489.29998779296875,479.3599853515625,484.30999755859375,19961900
1787184000,483.29998779296875,484.1600036621094,479.5,481.1499938964844,20020800
1787270400,479.8800048828125,486.3599853515625,478.5299987792969,483.239990234375,22510800
1787529600,483.2099914550781,490.6099853515625,481.8599853515625,487.30999755859375,17230800
1787616000,485.44000244140625,492.44000244140625,484.29998779296875,491.7099914550781,19519000
1787702400,487.8500061035156,497.3999938964844,487.30999755859375,496.3699951171875,20758900
1787788800,494.8800048828125,506.4800109863281,490.0799865722656,505.05999755859375,28688800
1787875200,505.3299865722656,517.780029296875,504.8699951171875,513.530029296875,29207300
1788134400,510.3800048828125,512.1900024414062,506.3900146484375,507.2900085449219,27208900
1788220800,497.5199890136719,505.9700012207031,496.7799987792969,501.0199890136719,21046900
1788307200,499.8500061035156,500.2699890136719,493.80999755859375,496.82000732421875,15336100
1788393600,501.6600036621094,515.6500244140625,500.79998779296875,510.1199951171875,24111400
